{
  "id": "1591359",
  "name": "豆瓣",
  "font_family": "iconfont",
  "css_prefix_text": "icon",
  "description": "",
  "glyphs": [
    {
      "icon_id": "339514",
      "name": "QQ",
      "font_class": "icon",
      "unicode": "e601",
      "unicode_decimal": 58881
    },
    {
      "icon_id": "705668",
      "name": "钩",
      "font_class": "gou",
      "unicode": "e612",
      "unicode_decimal": 58898
    },
    {
      "icon_id": "714438",
      "name": "搜索",
      "font_class": "sousuo",
      "unicode": "e613",
      "unicode_decimal": 58899
    },
    {
      "icon_id": "5427697",
      "name": "微信",
      "font_class": "weixin",
      "unicode": "e620",
      "unicode_decimal": 58912
    }
  ]
}
